{
  "items": [
    {
      "type": "file",
      "ctime": 1700795294112,
      "path": "2023-01-06-pwn模板.md"
    },
    {
      "type": "file",
      "ctime": 1701694292368,
      "path": "2023-04-24-IOT 漏洞挖掘记录.md"
    },
    {
      "type": "file",
      "ctime": 1701694303250,
      "path": "2023-10-08-PWNchallenge.md"
    },
    {
      "type": "file",
      "ctime": 1704358848495,
      "path": "2021-09-18-ubuntu pwn环境配置.md"
    },
    {
      "type": "file",
      "ctime": 1706151800895,
      "path": "2024-01-25-web安全.md"
    },
    {
      "type": "file",
      "ctime": 1722925018562,
      "path": "2024-01-18-面试.md"
    }
  ]
}