{
  "main": {
    "id": "cc2a7b551aa347d7",
    "type": "split",
    "children": [
      {
        "id": "90385f14e59707ad",
        "type": "tabs",
        "children": [
          {
            "id": "a789b9bfd60d4c6a",
            "type": "leaf",
            "state": {
              "type": "markdown",
              "state": {
                "file": "2023-01-06-pwn模板.md",
                "mode": "source",
                "source": false
              },
              "icon": "lucide-file",
              "title": "2023-01-06-pwn模板"
            }
          },
          {
            "id": "0d6afd733774543b",
            "type": "leaf",
            "state": {
              "type": "markdown",
              "state": {
                "file": "2025-2-11-2025 VNCTF.md",
                "mode": "source",
                "source": false
              },
              "icon": "lucide-file",
              "title": "2025-2-11-2025 VNCTF"
            }
          }
        ]
      }
    ],
    "direction": "vertical"
  },
  "left": {
    "id": "a82030f7dfef540c",
    "type": "split",
    "children": [
      {
        "id": "f71f625b35d5be96",
        "type": "tabs",
        "children": [
          {
            "id": "b17f45e6682239e9",
            "type": "leaf",
            "state": {
              "type": "file-explorer",
              "state": {
                "sortOrder": "alphabetical",
                "autoReveal": false
              },
              "icon": "lucide-folder-closed",
              "title": "文件列表"
            }
          },
          {
            "id": "5c5cbd4bc536bb4e",
            "type": "leaf",
            "state": {
              "type": "quiet-outline",
              "state": {},
              "icon": "lines-of-text",
              "title": "Quiet Outline"
            }
          },
          {
            "id": "994081bb4997e067",
            "type": "leaf",
            "state": {
              "type": "search",
              "state": {
                "query": "std",
                "matchingCase": false,
                "explainSearch": false,
                "collapseAll": false,
                "extraContext": false,
                "sortOrder": "alphabetical"
              },
              "icon": "lucide-search",
              "title": "搜索"
            }
          },
          {
            "id": "00f5a74cd081ed09",
            "type": "leaf",
            "state": {
              "type": "bookmarks",
              "state": {},
              "icon": "lucide-bookmark",
              "title": "书签"
            }
          }
        ],
        "currentTab": 1
      }
    ],
    "direction": "horizontal",
    "width": 295.5
  },
  "right": {
    "id": "25a288e31aa2d300",
    "type": "split",
    "children": [
      {
        "id": "9483f8ae75ae4370",
        "type": "tabs",
        "children": [
          {
            "id": "5953351d2aeca2b7",
            "type": "leaf",
            "state": {
              "type": "backlink",
              "state": {
                "file": "2023-01-06-pwn模板.md",
                "collapseAll": false,
                "extraContext": false,
                "sortOrder": "alphabetical",
                "showSearch": false,
                "searchQuery": "",
                "backlinkCollapsed": false,
                "unlinkedCollapsed": true
              },
              "icon": "links-coming-in",
              "title": "2023-01-06-pwn模板 的反向链接列表"
            }
          },
          {
            "id": "cf3b3db88508e280",
            "type": "leaf",
            "state": {
              "type": "outgoing-link",
              "state": {
                "file": "2023-01-06-pwn模板.md",
                "linksCollapsed": false,
                "unlinkedCollapsed": true
              },
              "icon": "links-going-out",
              "title": "2023-01-06-pwn模板 的出链列表"
            }
          },
          {
            "id": "218216f7166e6756",
            "type": "leaf",
            "state": {
              "type": "tag",
              "state": {
                "sortOrder": "frequency",
                "useHierarchy": true,
                "showSearch": false,
                "searchQuery": ""
              },
              "icon": "lucide-tags",
              "title": "标签"
            }
          },
          {
            "id": "a538efb3d52c0e2b",
            "type": "leaf",
            "state": {
              "type": "outline",
              "state": {
                "file": "2023-04-24-IOT 漏洞挖掘记录.md",
                "followCursor": false,
                "showSearch": false,
                "searchQuery": ""
              },
              "icon": "lucide-list",
              "title": "2023-04-24-IOT 漏洞挖掘记录 的大纲"
            }
          }
        ],
        "currentTab": 3
      }
    ],
    "direction": "horizontal",
    "width": 300,
    "collapsed": true
  },
  "left-ribbon": {
    "hiddenItems": {
      "switcher:打开快速切换": false,
      "graph:查看关系图谱": false,
      "canvas:新建白板": false,
      "daily-notes:打开/创建今天的日记": false,
      "templates:插入模板": false,
      "command-palette:打开命令面板": false
    }
  },
  "active": "a789b9bfd60d4c6a",
  "lastOpenFiles": [
    "2025-2-11-2025 VNCTF.md",
    "2025-2-11-2025 HGAMECTF.md",
    "2025-2-12-游戏安全.md",
    "2025-1-22-2025 SUCTF.md",
    "2025-1-18-2025 西湖论剑.md",
    "2024-12-31-2024年度总结.md",
    "2023-01-06-pwn模板.md",
    "2023-04-24-IOT 漏洞挖掘记录.md",
    "2022-09-12-musl深入分析总结.md",
    "2024-12-22-网安25真题.md",
    "2023-12-24-平安夜记.md",
    "2024-01-06-2023年总结.md",
    "2024-01-09-VMware ESXI 历史漏洞复现.md",
    "2024-01-11-内网隧道搭建.md",
    "2024-01-18-劳动仲裁.md",
    "2024-01-18-面试.md",
    "2024-01-25-web安全.md",
    "2024-02-20-English 模板.md",
    "hexagon.dll",
    "2022-04-21-ret2dl总结.md",
    "2021-09-18-ubuntu pwn环境配置.md",
    "2022-04-11-2022 虎符CTF pwn 复现.md",
    "未命名.md",
    "经验与判断.md",
    "2023-06-01-2023 ciscn 西南赛区 pwn 复现.md",
    "2023-06-14-堆风水艺术.md",
    "2023-07-29-2023 巅峰极客 pwn 复现.md",
    "Pasted image 20231124192902.png",
    "Pasted image 20231124192939.png",
    "hook.so",
    "Pasted image 20231124193028.png"
  ]
}